{
  "baslangic": "2026-06-29T07:46:59.642584",
  "toplam": 184,
  "basarili": 184,
  "basarisiz": 0,
  "kaynak_dagilimi": {
    "oncelik_cache": 36,
    "web_arama": 97,
    "once_hafiza": 50,
    "deepseek": 1
  },
  "hatalar": [],
  "sureler": [
    7.093000000000757,
    5.375,
    4.687999999998283,
    5.703000000001339,
    3.1409999999996217,
    4.25,
    4.593000000000757,
    3.077999999997701,
    6.985000000000582,
    5.09400000000096,
    7.0,
    5.078000000001339,
    5.514999999999418,
    6.312999999998283,
    6.234000000000378,
    4.71900000000096,
    5.078000000001339,
    5.98399999999674,
    4.547000000002299,
    7.46900000000096,
    7.827999999997701,
    5.610000000000582,
    8.264999999999418,
    4.828000000001339,
    7.296999999998661,
    8.21900000000096,
    4.936999999998079,
    5.4540000000015425,
    8.53099999999904,
    3.9530000000013388,
    8.31199999999808,
    4.657000000002881,
    5.375,
    4.264999999999418,
    4.610000000000582,
    4.936999999998079,
    6.09400000000096,
    6.984000000000378,
    6.735000000000582,
    8.046999999998661,
    7.90599999999904,
    5.25,
    6.46900000000096,
    5.7959999999984575,
    8.454000000001543,
    6.764999999999418,
    7.15599999999904,
    8.71900000000096,
    14.56300000000192,
    8.889999999999418,
    10.031999999999243,
    10.28099999999904,
    6.21900000000096,
    6.75,
    9.40599999999904,
    9.031000000002678,
    6.625,
    6.48399999999674,
    6.75,
    5.438000000001921,
    8.296999999998661,
    5.889999999999418,
    5.0,
    5.297000000002299,
    10.3279999999977,
    8.407000000002881,
    6.65599999999904,
    6.640999999999622,
    4.109000000000378,
    5.828000000001339,
    6.125,
    5.437999999998283,
    5.343000000000757,
    6.156999999999243,
    5.53099999999904,
    6.703000000001339,
    7.578000000001339,
    9.968999999997322,
    12.359000000000378,
    5.75,
    6.172000000002299,
    5.2189999999973224,
    8.453000000001339,
    5.828000000001339,
    7.53099999999904,
    7.827999999997701,
    7.797000000002299,
    4.921999999998661,
    11.203000000001339,
    10.5,
    9.25,
    10.75,
    9.71900000000096,
    9.515999999999622,
    8.65599999999904,
    12.375,
    6.734000000000378,
    5.515999999999622,
    7.28099999999904,
    5.71900000000096,
    7.375,
    4.40599999999904,
    6.625,
    4.21900000000096,
    6.609000000000378,
    4.546999999998661,
    4.390999999999622,
    4.9060000000026776,
    7.702999999997701,
    7.672000000002299,
    5.937999999998283,
    4.5459999999984575,
    4.532000000002881,
    9.139999999999418,
    6.671999999998661,
    8.140999999999622,
    7.0310000000026776,
    4.78099999999904,
    8.546999999998661,
    8.43800000000192,
    9.389999999999418,
    12.25,
    8.062999999998283,
    8.4220000000023,
    12.014999999999418,
    10.0,
    9.296999999998661,
    7.890999999999622,
    6.359000000000378,
    4.34400000000096,
    6.40599999999904,
    6.297000000002299,
    6.8439999999973224,
    12.062000000001717,
    7.531999999999243,
    8.28099999999904,
    9.639999999999418,
    6.688000000001921,
    8.59400000000096,
    8.484000000000378,
    9.0779999999977,
    6.547000000002299,
    6.2189999999973224,
    4.922000000002299,
    4.811999999998079,
    5.53099999999904,
    6.532000000002881,
    5.75,
    6.217999999997119,
    6.39100000000326,
    5.23399999999674,
    7.09400000000096,
    11.875,
    7.797000000002299,
    5.28099999999904,
    9.5779999999977,
    9.64100000000326,
    8.28099999999904,
    10.610000000000582,
    6.15599999999904,
    6.484000000000378,
    5.5,
    8.610000000000582,
    6.984000000000378,
    9.53099999999904,
    8.562999999998283,
    11.359000000000378,
    5.172000000002299,
    6.40599999999904,
    10.360000000000582,
    7.811999999998079,
    6.21900000000096,
    11.34400000000096,
    13.56199999999808,
    8.5,
    8.46900000000096,
    7.436999999998079,
    7.172000000002299,
    11.485000000000582,
    6.0,
    4.577999999997701,
    7.264999999999418,
    7.110000000000582,
    8.014999999999418
  ],
  "bitis": "2026-06-29T08:09:00.441529",
  "ortalama_sure": 7.18,
  "basari_orani": 100.0
}